[
  {
    "pk": 1, 
    "model": "drills.language", 
    "fields": {
      "module_name": "attic_greek", 
      "name": "Attic Greek"
    }
  }, 
  {
    "pk": 1, 
    "model": "drills.declension", 
    "fields": {
      "name": "First Declension", 
      "language": 1
    }
  }, 
  {
    "pk": 2, 
    "model": "drills.declension", 
    "fields": {
      "name": "Second Declension", 
      "language": 1
    }
  }, 
  {
    "pk": 3, 
    "model": "drills.declension", 
    "fields": {
      "name": "Third Declension", 
      "language": 1
    }
  }, 
  {
    "pk": 1, 
    "model": "drills.case", 
    "fields": {
      "name": "Nominative", 
      "language": 1
    }
  }, 
  {
    "pk": 2, 
    "model": "drills.case", 
    "fields": {
      "name": "Genitive", 
      "language": 1
    }
  }, 
  {
    "pk": 3, 
    "model": "drills.case", 
    "fields": {
      "name": "Dative", 
      "language": 1
    }
  }, 
  {
    "pk": 4, 
    "model": "drills.case", 
    "fields": {
      "name": "Accusative", 
      "language": 1
    }
  }, 
  {
    "pk": 5, 
    "model": "drills.case", 
    "fields": {
      "name": "Vocative", 
      "language": 1
    }
  }, 
  {
    "pk": 1, 
    "model": "drills.number", 
    "fields": {
      "name": "Singular", 
      "language": 1
    }
  }, 
  {
    "pk": 2, 
    "model": "drills.number", 
    "fields": {
      "name": "Plural", 
      "language": 1
    }
  }, 
  {
    "pk": 3, 
    "model": "drills.number", 
    "fields": {
      "name": "None", 
      "language": 1
    }
  }, 
  {
    "pk": 1, 
    "model": "drills.gender", 
    "fields": {
      "name": "Masculine", 
      "language": 1
    }
  }, 
  {
    "pk": 2, 
    "model": "drills.gender", 
    "fields": {
      "name": "Feminine", 
      "language": 1
    }
  }, 
  {
    "pk": 3, 
    "model": "drills.gender", 
    "fields": {
      "name": "Neuter", 
      "language": 1
    }
  }, 
  {
    "pk": 1, 
    "model": "drills.conjugation", 
    "fields": {
      "name": "Thematic", 
      "language": 1
    }
  }, 
  {
    "pk": 2, 
    "model": "drills.conjugation", 
    "fields": {
      "name": "Athematic", 
      "language": 1
    }
  }, 
  {
    "pk": 1, 
    "model": "drills.tense", 
    "fields": {
      "name": "Present", 
      "language": 1
    }
  }, 
  {
    "pk": 2, 
    "model": "drills.tense", 
    "fields": {
      "name": "Imperfect", 
      "language": 1
    }
  }, 
  {
    "pk": 3, 
    "model": "drills.tense", 
    "fields": {
      "name": "Future", 
      "language": 1
    }
  }, 
  {
    "pk": 4, 
    "model": "drills.tense", 
    "fields": {
      "name": "Aorist", 
      "language": 1
    }
  }, 
  {
    "pk": 5, 
    "model": "drills.tense", 
    "fields": {
      "name": "Perfect", 
      "language": 1
    }
  }, 
  {
    "pk": 6, 
    "model": "drills.tense", 
    "fields": {
      "name": "Pluperfect", 
      "language": 1
    }
  }, 
  {
    "pk": 1, 
    "model": "drills.voice", 
    "fields": {
      "name": "Active", 
      "language": 1
    }
  }, 
  {
    "pk": 2, 
    "model": "drills.voice", 
    "fields": {
      "name": "Middle", 
      "language": 1
    }
  }, 
  {
    "pk": 3, 
    "model": "drills.voice", 
    "fields": {
      "name": "Passive", 
      "language": 1
    }
  }, 
  {
    "pk": 1, 
    "model": "drills.mood", 
    "fields": {
      "name": "Indicative", 
      "language": 1
    }
  }, 
  {
    "pk": 2, 
    "model": "drills.mood", 
    "fields": {
      "name": "Subjunctive", 
      "language": 1
    }
  }, 
  {
    "pk": 3, 
    "model": "drills.mood", 
    "fields": {
      "name": "Optative", 
      "language": 1
    }
  }, 
  {
    "pk": 4, 
    "model": "drills.mood", 
    "fields": {
      "name": "Imperative", 
      "language": 1
    }
  }, 
  {
    "pk": 5, 
    "model": "drills.mood", 
    "fields": {
      "name": "Infinitive", 
      "language": 1
    }
  }, 
  {
    "pk": 1, 
    "model": "drills.person", 
    "fields": {
      "name": "First Person", 
      "language": 1
    }
  }, 
  {
    "pk": 2, 
    "model": "drills.person", 
    "fields": {
      "name": "Second Person", 
      "language": 1
    }
  }, 
  {
    "pk": 3, 
    "model": "drills.person", 
    "fields": {
      "name": "Third Person", 
      "language": 1
    }
  }, 
  {
    "pk": 4, 
    "model": "drills.person", 
    "fields": {
      "name": "None", 
      "language": 1
    }
  }, 
  {
    "pk": 1, 
    "model": "drills.declinabletype", 
    "fields": {
      "name": "Noun", 
      "language": 1
    }
  }, 
  {
    "pk": 2, 
    "model": "drills.declinabletype", 
    "fields": {
      "name": "Pronoun", 
      "language": 1
    }
  }, 
  {
    "pk": 3, 
    "model": "drills.declinabletype", 
    "fields": {
      "name": "Adjective", 
      "language": 1
    }
  },
	{
	"pk": 1,
	"model": "drills.wordlist",
		"fields": {
		"user": 1,
		"name": "Attic Greek Testing",
		"language": 1
		}
	},
  {
    "pk": 1, 
    "model": "drills.verb", 
    "fields": {
      "conjugation": 1, 
      "tags": []
    }
  }, 
  {
    "pk": 2, 
    "model": "drills.verb", 
    "fields": {
      "conjugation": 1, 
      "tags": []
    }
  }, 
  {
    "pk": 3, 
    "model": "drills.verb", 
    "fields": {
      "conjugation": 1, 
      "tags": []
    }
  }, 
  {
    "pk": 4, 
    "model": "drills.verb", 
    "fields": {
      "conjugation": 2, 
      "tags": []
    }
  }, 
{"pk": 5, "model": "drills.verb", "fields": {"conjugation": 1, "tags": []}},
{"pk": 6, "model": "drills.verb", "fields": {"conjugation": 1, "tags": []}},
{"pk": 7, "model": "drills.verb", "fields": {"conjugation": 1, "tags": []}},
{"pk": 8, "model": "drills.verb", "fields": {"conjugation": 1, "tags": []}},
{"pk": 9, "model": "drills.verb", "fields": {"conjugation": 1, "tags": []}},
{"pk": 10, "model": "drills.verb", "fields": {"conjugation": 1, "tags": []}},
{"pk": 11, "model": "drills.verb", "fields": {"conjugation": 1, "tags": []}},
{"pk": 12, "model": "drills.verb", "fields": {"conjugation": 2, "tags": []}},
{"pk": 13, "model": "drills.verb", "fields": {"conjugation": 1, "tags": []}},
{"pk": 14, "model": "drills.verb", "fields": {"conjugation": 1, "tags": []}},
{"pk": 15, "model": "drills.verb", "fields": {"conjugation": 1, "tags": []}},
{"pk": 16, "model": "drills.verb", "fields": {"conjugation": 1, "tags": []}},
{"pk": 17, "model": "drills.verb", "fields": {"conjugation": 1, "tags": []}},
{"pk": 18, "model": "drills.verb", "fields": {"conjugation": 1, "tags": []}},
{"pk": 19, "model": "drills.verb", "fields": {"conjugation": 1, "tags": []}},
{"pk": 20, "model": "drills.verb", "fields": {"conjugation": 2, "tags": []}},
  {
    "pk": 1, 
    "model": "drills.word", 
    "fields": {
      "wordlist": 1, 
      "definition": "to announce", 
      "review_count": 0, 
      "word": "\u1f00\u03b3\u03b3\u03ad\u03bb\u03bb\u03c9, \u1f00\u03b3\u03b3\u03b5\u03bb\u1ff6, \u1f24\u03b3\u03b3\u03b5\u03b9\u03bb\u03b1, \u1f24\u03b3\u03b3\u03b5\u03bb\u03ba\u03b1, \u1f24\u03b3\u03b3\u03b5\u03bb\u03bc\u03b1\u03b9, \u1f20\u03b3\u03b3\u03ad\u03bb\u03b8\u03b7\u03bd", 
      "average_difficulty": 40.0, 
      "tags": [], 
      "date_entered": "2011-03-29 23:47:23", 
      "last_reviewed": "2011-03-29 23:47:23"
    }
  }, 
  {
    "pk": 2, 
    "model": "drills.word", 
    "fields": {
      "wordlist": 1, 
      "definition": "to be ashamed", 
      "review_count": 0, 
      "word": "\u03b1\u1f30\u03c3\u03c7\u03cd\u03bd\u03bf\u03bc\u03b1\u03b9, \u03b1\u1f30\u03c3\u03c7\u03c5\u03bd\u03bf\u1fe6\u03bc\u03b1\u03b9, _, _, \u1f94\u03c3\u03c7\u03c5\u03bc\u03bc\u03b1\u03b9, \u1f90\u03c3\u03c7\u03cd\u03bd\u03b8\u03b7\u03bd", 
      "average_difficulty": 40.0, 
      "tags": [], 
      "date_entered": "2011-03-29 23:47:40", 
      "last_reviewed": "2011-03-29 23:47:40"
    }
  }, 
  {
    "pk": 3, 
    "model": "drills.word", 
    "fields": {
      "wordlist": 1, 
      "definition": "to make clear", 
      "review_count": 0, 
      "word": "\u03b4\u03b7\u03bb\u03cc\u03c9, \u03b4\u03b7\u03bb\u03ce\u03c3\u03c9, \u1f10\u03b4\u03ae\u03bb\u03c9\u03c3\u03b1, \u03b4\u03b5\u03b4\u03ae\u03bb\u03c9\u03ba\u03b1, \u03b4\u03b5\u03b4\u03ae\u03bb\u03c9\u03bc\u03b1\u03b9, \u1f10\u03b4\u03b7\u03bb\u03ce\u03b8\u03b7\u03bd", 
      "average_difficulty": 40.0, 
      "tags": [], 
      "date_entered": "2011-03-29 23:47:52", 
      "last_reviewed": "2011-03-29 23:47:52"
    }
  }, 
  {
    "pk": 4, 
    "model": "drills.word", 
    "fields": {
      "wordlist": 1, 
      "definition": "to give", 
      "review_count": 0, 
      "word": "\u03b4\u03af\u03b4\u03c9\u03bc\u03b9, \u03b4\u03ce\u03c3\u03c9, \u1f14\u03b4\u03c9\u03ba\u03b1, \u03b4\u03ad\u03b4\u03c9\u03ba\u03b1, \u03b4\u03ad\u03b4\u03bf\u03bc\u03b1\u03b9, \u1f10\u03b4\u03cc\u03b8\u03b7\u03bd", 
      "average_difficulty": 40.0, 
      "tags": [], 
      "date_entered": "2011-03-29 23:48:02", 
      "last_reviewed": "2011-03-29 23:48:02"
    }
  }, 
  {
    "pk": 5, 
    "model": "drills.word", 
    "fields": {
      "wordlist": 1, 
      "definition": "to drive, march", 
      "review_count": 0, 
      "word": "\u1f10\u03bb\u03b1\u03cd\u03bd\u03c9, \u1f10\u03bb\u03ac\u03c9, \u1f24\u03bb\u03b1\u03c3\u03b1, \u1f10\u03bb\u03ae\u03bb\u03b1\u03ba\u03b1, \u1f10\u03bb\u03ae\u03bb\u03b1\u03bc\u03b1\u03b9, \u1f20\u03bb\u03ac\u03b8\u03b7\u03bd", 
      "average_difficulty": 40.0, 
      "tags": [], 
      "date_entered": "2011-03-29 23:48:15", 
      "last_reviewed": "2011-03-29 23:48:15"
    }
  }, 
  {
    "pk": 6, 
    "model": "drills.word", 
    "fields": {
      "wordlist": 1, 
      "definition": "I'm not sure", 
      "review_count": 0, 
      "word": "\u1f10\u03bb\u03ad\u03b3\u03c7\u03c9, \u1f10\u03bb\u03ad\u03b3\u03be\u03c9, \u1f24\u03bb\u03b5\u03b3\u03be\u03b1, _, \u1f10\u03bb\u03ae\u03bb\u03b5\u03b3\u03bc\u03b1\u03b9, \u1f20\u03bb\u03ad\u03b3\u03c7\u03b8\u03b7\u03bd", 
      "average_difficulty": 40.0, 
      "tags": [], 
      "date_entered": "2011-03-29 23:48:30", 
      "last_reviewed": "2011-03-29 23:48:30"
    }
  }, 
  {
    "pk": 7, 
    "model": "drills.word", 
    "fields": {
      "wordlist": 1, 
      "definition": "to come", 
      "review_count": 0, 
      "word": "\u1f14\u03c1\u03c7\u03bf\u03bc\u03b1\u03b9, \u1f10\u03bb\u03b5\u03cd\u03c3\u03bf\u03bc\u03b1\u03b9, \u1f26\u03bb\u03b8\u03bf\u03bd, \u1f10\u03bb\u03ae\u03bb\u03c5\u03b8\u03b1, _, _", 
      "average_difficulty": 40.0, 
      "tags": [], 
      "date_entered": "2011-03-29 23:48:40", 
      "last_reviewed": "2011-03-29 23:48:40"
    }
  }, 
  {
    "pk": 8, 
    "model": "drills.word", 
    "fields": {
      "wordlist": 1, 
      "definition": "to wish, want", 
      "review_count": 0, 
      "word": "\u1f10\u03b8\u03ad\u03bb\u03c9, \u1f10\u03b8\u03b5\u03bb\u03ae\u03c3\u03c9, \u1f20\u03b8\u03ad\u03bb\u03b7\u03c3\u03b1, \u1f20\u03b8\u03ad\u03bb\u03b7\u03ba\u03b1, _, _", 
      "average_difficulty": 40.0, 
      "tags": [], 
      "date_entered": "2011-03-29 23:48:53", 
      "last_reviewed": "2011-03-29 23:48:53"
    }
  }, 
  {
    "pk": 9, 
    "model": "drills.word", 
    "fields": {
      "wordlist": 1, 
      "definition": "to show", 
      "review_count": 0, 
      "word": "\u03c6\u03b1\u03af\u03bd\u03c9, \u03c6\u03b1\u03bd\u1ff6, \u1f14\u03c6\u03b7\u03bd\u03b1, \u03c0\u03ad\u03c6\u03b7\u03bd\u03b1, \u03c0\u03ad\u03c6\u03b1\u03c3\u03bc\u03b1\u03b9, \u1f10\u03c6\u03ac\u03bd\u03b7\u03bd", 
      "average_difficulty": 40.0, 
      "tags": [], 
      "date_entered": "2011-03-29 23:49:06", 
      "last_reviewed": "2011-03-29 23:49:06"
    }
  }, 
  {
    "pk": 10, 
    "model": "drills.word", 
    "fields": {
      "wordlist": 1, 
      "definition": "to fear, be afraid", 
      "review_count": 0, 
      "word": "\u03c6\u03bf\u03b2\u03ad\u03bf\u03bc\u03b1\u03b9, \u03c6\u03bf\u03b2\u03ae\u03c3\u03bf\u03bc\u03b1\u03b9, _, _, \u03c0\u03b5\u03c6\u03cc\u03b2\u03b7\u03bc\u03b1\u03b9, \u1f10\u03c6\u03bf\u03b2\u03ae\u03b8\u03b7\u03bd", 
      "average_difficulty": 40.0, 
      "tags": [], 
      "date_entered": "2011-03-29 23:49:17", 
      "last_reviewed": "2011-03-29 23:49:17"
    }
  }, 
  {
    "pk": 11, 
    "model": "drills.word", 
    "fields": {
      "wordlist": 1, 
      "definition": "to write, draw", 
      "review_count": 0, 
      "word": "\u03b3\u03c1\u03ac\u03c6\u03c9, \u03b3\u03c1\u03ac\u03c8\u03c9, \u1f14\u03b3\u03c1\u03b1\u03c8\u03b1, \u03b3\u03ad\u03b3\u03c1\u03b1\u03c6\u03b1, \u03b3\u03ad\u03b3\u03c1\u03b1\u03bc\u03bc\u03b1\u03b9, \u1f10\u03b3\u03c1\u03ac\u03c6\u03b7\u03bd", 
      "average_difficulty": 40.0, 
      "tags": [], 
      "date_entered": "2011-03-29 23:49:27", 
      "last_reviewed": "2011-03-29 23:49:27"
    }
  }, 
  {
    "pk": 12, 
    "model": "drills.word", 
    "fields": {
      "wordlist": 1, 
      "definition": "to stand", 
      "review_count": 0, 
      "word": "\u1f35\u03c3\u03c4\u03b7\u03bc\u03b9, \u03c3\u03c4\u03ae\u03c3\u03c9, \u1f14\u03c3\u03c4\u03b7\u03c3\u03b1, \u1f15\u03c3\u03c4\u03b7\u03ba\u03b1, \u1f15\u03c3\u03c4\u03b1\u03bc\u03b1\u03b9, \u1f10\u03c3\u03c4\u03ac\u03b8\u03b7\u03bd", 
      "average_difficulty": 40.0, 
      "tags": [], 
      "date_entered": "2011-03-29 23:49:44", 
      "last_reviewed": "2011-03-29 23:49:44"
    }
  }, 
  {
    "pk": 13, 
    "model": "drills.word", 
    "fields": {
      "wordlist": 1, 
      "definition": "to command, order", 
      "review_count": 0, 
      "word": "\u03ba\u03b5\u03bb\u03b5\u03cd\u03c9, \u03ba\u03b5\u03bb\u03b5\u03cd\u03c3\u03c9, \u1f10\u03ba\u03ad\u03bb\u03b5\u03c5\u03c3\u03b1, \u03ba\u03b5\u03ba\u03ad\u03bb\u03b5\u03c5\u03ba\u03b1, \u03ba\u03b5\u03ba\u03ad\u03bb\u03b5\u03c5\u03c3\u03bc\u03b1\u03b9, \u1f10\u03ba\u03b5\u03bb\u03b5\u03cd\u03c3\u03b8\u03b7\u03bd", 
      "average_difficulty": 40.0, 
      "tags": [], 
      "date_entered": "2011-03-29 23:50:04", 
      "last_reviewed": "2011-03-29 23:50:04"
    }
  }, 
  {
    "pk": 14, 
    "model": "drills.word", 
    "fields": {
      "wordlist": 1, 
      "definition": "to fight", 
      "review_count": 0, 
      "word": "\u03bc\u03ac\u03c7\u03bf\u03bc\u03b1\u03b9, \u03bc\u03b1\u03c7\u03bf\u1fe6\u03bc\u03b1\u03b9, \u1f10\u03bc\u03b1\u03c7\u03b5\u03c3\u03ac\u03bc\u03b7\u03bd, _, \u03bc\u03b5\u03bc\u03ac\u03c7\u03b7\u03bc\u03b1\u03b9, _", 
      "average_difficulty": 40.0, 
      "tags": [], 
      "date_entered": "2011-03-29 23:50:12", 
      "last_reviewed": "2011-03-29 23:50:12"
    }
  }, 
  {
    "pk": 15, 
    "model": "drills.word", 
    "fields": {
      "wordlist": 1, 
      "definition": "to win, conquer, be victorious", 
      "review_count": 0, 
      "word": "\u03bd\u03b9\u03ba\u03ac\u03c9, \u03bd\u03b9\u03ba\u03ae\u03c3\u03c9, \u1f10\u03bd\u03af\u03ba\u03b7\u03c3\u03b1, \u03bd\u03b5\u03bd\u03af\u03ba\u03b7\u03ba\u03b1, \u03bd\u03b5\u03bd\u03af\u03ba\u03b7\u03bc\u03b1\u03b9, \u1f10\u03bd\u03b9\u03ba\u03ae\u03b8\u03b7\u03bd", 
      "average_difficulty": 40.0, 
      "tags": [], 
      "date_entered": "2011-03-29 23:50:23", 
      "last_reviewed": "2011-03-29 23:50:23"
    }
  }, 
  {
    "pk": 16, 
    "model": "drills.word", 
    "fields": {
      "wordlist": 1, 
      "definition": "to teach", 
      "review_count": 0, 
      "word": "\u03c0\u03b1\u03b9\u03b4\u03b5\u03cd\u03c9, \u03c0\u03b1\u03b9\u03b4\u03b5\u03cd\u03c3\u03c9, \u1f10\u03c0\u03b1\u03af\u03b4\u03b5\u03c5\u03c3\u03b1, \u03c0\u03b5\u03c0\u03b1\u03af\u03b4\u03b5\u03c5\u03ba\u03b1, \u03c0\u03b5\u03c0\u03b1\u03af\u03b4\u03b5\u03c5\u03bc\u03b1\u03b9, \u1f10\u03c0\u03b1\u03b9\u03b4\u03b5\u03cd\u03b8\u03b7\u03bd", 
      "average_difficulty": 40.0, 
      "tags": [], 
      "date_entered": "2011-03-29 23:50:39", 
      "last_reviewed": "2011-03-29 23:50:39"
    }
  }, 
  {
    "pk": 17, 
    "model": "drills.word", 
    "fields": {
      "wordlist": 1, 
      "definition": "to send", 
      "review_count": 0, 
      "word": "\u03c0\u03ad\u03bc\u03c0\u03c9, \u03c0\u03ad\u03bc\u03c8\u03c9, \u1f14\u03c0\u03b5\u03bc\u03c8\u03b1, \u03c0\u03ad\u03c0\u03bf\u03bc\u03c6\u03b1, \u03c0\u03ad\u03c0\u03b5\u03bc\u03bc\u03b1\u03b9, \u1f10\u03c0\u03ad\u03bc\u03c6\u03b8\u03b7\u03bd", 
      "average_difficulty": 40.0, 
      "tags": [], 
      "date_entered": "2011-03-29 23:50:48", 
      "last_reviewed": "2011-03-29 23:50:48"
    }
  }, 
  {
    "pk": 18, 
    "model": "drills.word", 
    "fields": {
      "wordlist": 1, 
      "definition": "to do", 
      "review_count": 0, 
      "word": "\u03c0\u03bf\u03b9\u03ad\u03c9, \u03c0\u03bf\u03b9\u03ae\u03c3\u03c9, \u1f10\u03c0\u03bf\u03af\u03b7\u03c3\u03b1, \u03c0\u03b5\u03c0\u03bf\u03af\u03b7\u03ba\u03b1, \u03c0\u03b5\u03c0\u03bf\u03af\u03b7\u03bc\u03b1\u03b9, \u1f10\u03c0\u03bf\u03b9\u03ae\u03b8\u03b7\u03bd", 
      "average_difficulty": 40.0, 
      "tags": [], 
      "date_entered": "2011-03-29 23:50:57", 
      "last_reviewed": "2011-03-29 23:50:57"
    }
  }, 
  {
    "pk": 19, 
    "model": "drills.word", 
    "fields": {
      "wordlist": 1, 
      "definition": "to arrange, station, align, order", 
      "review_count": 0, 
      "word": "\u03c4\u03ac\u03c4\u03c4\u03c9, \u03c4\u03ac\u03be\u03c9, \u1f14\u03c4\u03b1\u03be\u03b1, \u03c4\u03ad\u03c4\u03b1\u03c7\u03b1, \u03c4\u03ad\u03c4\u03b1\u03b3\u03bc\u03b1\u03b9, \u1f10\u03c4\u03ac\u03c7\u03b8\u03b7\u03bd", 
      "average_difficulty": 40.0, 
      "tags": [], 
      "date_entered": "2011-03-29 23:51:10", 
      "last_reviewed": "2011-03-29 23:51:10"
    }
  }, 
  {
    "pk": 20, 
    "model": "drills.word", 
    "fields": {
      "wordlist": 1, 
      "definition": "to put", 
      "review_count": 0, 
      "word": "\u03c4\u03af\u03b8\u03b7\u03bc\u03b9, \u03b8\u03ae\u03c3\u03c9, \u1f14\u03b8\u03b7\u03ba\u03b1, \u03c4\u03ad\u03b8\u03b7\u03ba\u03b1, \u03c4\u03ad\u03b8\u03b5\u03b9\u03bc\u03b1\u03b9, \u1f10\u03c4\u03ad\u03b8\u03b7\u03bd", 
      "average_difficulty": 40.0, 
      "tags": [], 
      "date_entered": "2011-03-29 23:51:18", 
      "last_reviewed": "2011-03-29 23:51:18"
    }
  },
  {
    "pk": 1, 
    "model": "drills.irregularverbform", 
    "fields": {
      "mood": 1, 
      "form": "\u1f10\u03b4\u03af\u03b4\u03bf\u03c5\u03bd", 
      "number": 1, 
      "person": 1, 
      "verb": 4, 
      "tense": 2, 
      "voice": 1
    }
  }, 
  {
    "pk": 2, 
    "model": "drills.irregularverbform", 
    "fields": {
      "mood": 1, 
      "form": "\u1f10\u03b4\u03af\u03b4\u03bf\u03c5\u03c2", 
      "number": 1, 
      "person": 2, 
      "verb": 4, 
      "tense": 2, 
      "voice": 1
    }
  }, 
  {
    "pk": 3, 
    "model": "drills.irregularverbform", 
    "fields": {
      "mood": 1, 
      "form": "\u1f10\u03b4\u03af\u03b4\u03bf\u03c5", 
      "number": 1, 
      "person": 3, 
      "verb": 4, 
      "tense": 2, 
      "voice": 1
    }
  },
  {
    "pk": 4, 
    "model": "drills.irregularverbform", 
    "fields": {
      "mood": 4, 
      "form": "\u03b4\u03af\u03b4\u03bf\u03c5", 
      "number": 1, 
      "person": 2, 
      "verb": 4, 
      "tense": 1, 
      "voice": 1
    }
  },
  {
    "pk": 5, 
    "model": "drills.irregularverbform", 
    "fields": {
      "mood": 1, 
      "form": "\u1f10\u03c4\u03af\u03b8\u03b5\u03b9\u03c2", 
      "number": 1, 
      "person": 2, 
      "verb": 20, 
      "tense": 2, 
      "voice": 1
    }
  }, 
  {
    "pk": 6, 
    "model": "drills.irregularverbform", 
    "fields": {
      "mood": 1, 
      "form": "\u1f10\u03c4\u03af\u03b8\u03b5\u03b9", 
      "number": 1, 
      "person": 3, 
      "verb": 20, 
      "tense": 2, 
      "voice": 1
    }
  }, 
  {
    "pk": 7, 
    "model": "drills.irregularverbform", 
    "fields": {
      "mood": 4, 
      "form": "\u03c4\u03af\u03b8\u03b5\u03b9", 
      "number": 1, 
      "person": 2, 
      "verb": 20, 
      "tense": 1, 
      "voice": 1
    }
  },
  {
    "pk": 8, 
    "model": "drills.irregularverbform", 
    "fields": {
      "mood": 1, 
      "form": "\u1f31\u03c3\u03c4\u1fb6\u03c3\u03b9", 
      "number": 2, 
      "person": 3, 
      "verb": 12, 
      "tense": 1, 
      "voice": 1
    }
  }, 
  {
    "pk": 9, 
    "model": "drills.irregularverbform", 
    "fields": {
      "mood": 4, 
      "form": "\u1f35\u03c3\u03c4\u03b7", 
      "number": 1, 
      "person": 2, 
      "verb": 12, 
      "tense": 1, 
      "voice": 1
    }
  },
  {
    "pk": 10, 
    "model": "drills.irregularverbform", 
    "fields": {
      "mood": 2, 
      "form": "\u1f31\u03c3\u03c4\u1fc7\u03c2", 
      "number": 1, 
      "person": 2, 
      "verb": 12, 
      "tense": 1, 
      "voice": 1
    }
  }, 
  {
    "pk": 11, 
    "model": "drills.irregularverbform", 
    "fields": {
      "mood": 2, 
      "form": "\u1f31\u03c3\u03c4\u1fc7", 
      "number": 1, 
      "person": 3, 
      "verb": 12, 
      "tense": 1, 
      "voice": 1
    }
  }, 
  {
    "pk": 12, 
    "model": "drills.irregularverbform", 
    "fields": {
      "mood": 2, 
      "form": "\u1f31\u03c3\u03c4\u1fc6\u03c4\u03b5", 
      "number": 2, 
      "person": 2, 
      "verb": 12, 
      "tense": 1, 
      "voice": 1
    }
  },
  {
    "pk": 13, 
    "model": "drills.irregularverbform", 
    "fields": {
      "mood": 2, 
      "form": "\u1f31\u03c3\u03c4\u1fc7", 
      "number": 1, 
      "person": 2, 
      "verb": 12, 
      "tense": 1, 
      "voice": 2
    }
  }, 
  {
    "pk": 14, 
    "model": "drills.irregularverbform", 
    "fields": {
      "mood": 2, 
      "form": "\u1f31\u03c3\u03c4\u1fc7", 
      "number": 1, 
      "person": 2, 
      "verb": 12, 
      "tense": 1, 
      "voice": 3
    }
  }, 
  {
    "pk": 15, 
    "model": "drills.irregularverbform", 
    "fields": {
      "mood": 2, 
      "form": "\u1f31\u03c3\u03c4\u1fc6\u03c4\u03b1\u03b9", 
      "number": 1, 
      "person": 3, 
      "verb": 12, 
      "tense": 1, 
      "voice": 2
    }
  }, 
  {
    "pk": 16, 
    "model": "drills.irregularverbform", 
    "fields": {
      "mood": 2, 
      "form": "\u1f31\u03c3\u03c4\u1fc6\u03c4\u03b1\u03b9", 
      "number": 1, 
      "person": 3, 
      "verb": 12, 
      "tense": 1, 
      "voice": 3
    }
  }, 
  {
    "pk": 17, 
    "model": "drills.irregularverbform", 
    "fields": {
      "mood": 2, 
      "form": "\u1f31\u03c3\u03c4\u1fc6\u03c3\u03b8\u03b5", 
      "number": 2, 
      "person": 2, 
      "verb": 12, 
      "tense": 1, 
      "voice": 2
    }
  }, 
  {
    "pk": 18, 
    "model": "drills.irregularverbform", 
    "fields": {
      "mood": 2, 
      "form": "\u1f31\u03c3\u03c4\u1fc6\u03c3\u03b8\u03b5", 
      "number": 2, 
      "person": 2, 
      "verb": 12, 
      "tense": 1, 
      "voice": 3
    }
  },
  {
    "pk": 19, 
    "model": "drills.irregularverbform", 
    "fields": {
      "mood": 1, 
      "form": "\u1f14\u03b4\u03bf\u03c5", 
      "number": 1, 
      "person": 2, 
      "verb": 4, 
      "tense": 4, 
      "voice": 2
    }
  },
  {
    "pk": 20, 
    "model": "drills.irregularverbform", 
    "fields": {
      "mood": 4, 
      "form": "\u03b4\u03bf\u1fe6", 
      "number": 1, 
      "person": 2, 
      "verb": 4, 
      "tense": 4, 
      "voice": 2
    }
  },
  {
    "pk": 21, 
    "model": "drills.irregularverbform", 
    "fields": {
      "mood": 1, 
      "form": "\u1f14\u03b8\u03bf\u03c5", 
      "number": 1, 
      "person": 2, 
      "verb": 20, 
      "tense": 4, 
      "voice": 2
    }
  }, 
  {
    "pk": 22, 
    "model": "drills.irregularverbform", 
    "fields": {
      "mood": 4, 
      "form": "\u03b8\u03bf\u1fe6", 
      "number": 1, 
      "person": 2, 
      "verb": 20, 
      "tense": 4, 
      "voice": 2
    }
  }
]
